Key,,,Information wrong or suspect,Diamond Mitsubishi Contractors,"Questions, dupes, etc.","Really like the website, and the way they present the information. Company gives a good, strong impression.",DUPLICATE DELETE,,,,,,,
,,,,,,,,,,,,,,
Status,Source,SN,Company Name,Address,Phone Number,Website,Email,Energy Audit ,Weatherization  ,HVAC/Heat Pump,Electrical ,Water Heater ,Appliances ,Certifications 
,,0,360 Community Development Corporation,16701 MELFORD BLVD STE 400 BOWIE MD 20715-4411,(202) 904-9052,http://www.360cdcinc.org/,,Services not available on website,,,,,,Partner with LEED Certified Developers
,,1,"A & E Construction, LLC","910 Webster St NW, Washington, DC 20011",(202)746-0659,https://www.aandeconstructionllc.com/,info@aandeconstructionllc.com,No,No,Yes,Yes,No,No,"SBE, MBE, DBE, MDOT Registered, Approved Vendor"
,Rheem,,A & H Plumbing,"1329 Shepard Dr Sterling, VA 20164",703-929-7982,,,,,,,,,Pro Partner Plumbing 
,Eaton,2,A Action Home Services,"6404 Telegraph Rd Suite 200, Alexandria, VA 22310",703-215-9914,https://www.aactionhomeservices.com/contact-us/,Kenneth.Teets@aactionhs.com,No,No,Yes,Yes,Yes,No,"BBB, 2024 FAVES, Eaton Certified Electrical Contractor"
,,3,A C & H INCORPORATED,"Sterling, VA",703-544-7889,,,,,,,,,
,,4,A J Mechanical Services,"2722 Washington Blvd B, Arlington, VA 22201",(703) 312-0800,https://ajmechanicalservice.com,info@ajmechanicalservice.com,No,No,Yes,Yes,No,No,
,Mitsubishi ,5,A. B. CHELINI dba UNITED SERVICE SPECIALISTS,"5110 Roanoke Place, Suite 104 College Park, MD 20740",(301) 241-9200,https://unitedservicespecialists.com,Contact through Website ,Yes,No,Yes,No,Yes,No,"Mitsubishi Electric Diamond Contractor, ClimateMaster, BBB Rating: A+, Energy Star"
,,6,"AA Dependable Air, Inc.","12402 Waldorf Business Square, Waldorf, MD 20601",301-638-0981,https://aadependableair.com,Contact through Website ,No,No,Yes,No,No,No,
,,7,AAA HVAC SERVICES,"1900 Reston Metro Plaza Suite 600 Reston, VA 20190",(703) 825-4973 ,https://www.aaahvac.com/,info@aaahvac.com,No,No,Yes,Yes,Yes,No,"A+ rated BBB accredited, Top rated Angie's list service provider 2014, 2015, 2016, Best of Home Advisor 2017"
,,8,"ABC 24 Hours, LLC","14720 Flint Lee Rd A, Chantilly, VA 20151",(703) 682-9568,https://www.abc24hours.com,hvac@abc24hours.com,No,No,Yes,No,Yes,No,
,,9,AC Repair DC,"2015 14th St NW Unit B, Washington, DC 20009",(202) 985-8885,https://dcachvac.com/,accurate1634@gmail.com,No,No,Yes,No,No,No,
,,10,AFC Integrity Energy LLC,"12962 Claxton Dr, Laurel, MD 20708",(240) 423-3969,,afcinvestors@gmail.com,,,,,,,
,,11,AHS Inc.,"3507 Mullin Ln, Bowie, MD 20715",301-399-5119,https://www.ahshvac.com,ahsservicedept@gmail.com,No,No,Yes,No,No,No,
,Daikin,,AIRFLOW SHEET METAL,"12219 BRADDOCK RD, FAIRFAX , VA 22030",240-604-1758,https://airflowsheetmetal.com,Contact through Website ,No,No,Yes,No,No,No,Daikin Comfort Pro
,,12,AIR TECH INT'L,"7903 Cole Ave, Takoma Park, MD 20912",(240) 388-0030,https://air-techinternational.com,support@air-techinternational.com,No,No,No,No,No,No,
,,13,AJ'S HEATING & AIR COND LLC,"ARLINGTON, VA",571-536-2573,,,,,,,,,
,Mitsubishi ,14,"ANTHONY & SON INDOOR AIR QUALITY, LLC",1109 Taft St Rockville MD 20850,(240) 683-6862,https://anthonyandsonhac.com,Contact through Website ,No,No,Yes,No,Yes,No,"Mitsubishi Electric Diamond Contractor, Expertise.com: Best HVAC & Furnace Repair Services in Gaithersburg 2022"
Include pools?,,15,"AQUAMAN POOL SERVICE, INC.",,(703) 996-8900,,,,,,,,,
Dupe?,Daikin ,16,Argent Heating & Cooling LLC,"2724 DORR AVE SUITE 201, FARIFAX, VA 22031",703-281-6300,https://argent-heating-cooling.com,info@argent-llc.com,No,No,Yes,No,No,Yes,Daikin Comfort Pro
,,17,AVS Heating and Air Conditioning Falls Church,"2800 Dorr Ave Suite R Fairfax, VA 22031",(703) 457-9028,https://avsheatingandair.com/,avsservice@yahoo.com,Yes,No,Yes,No,No,Yes,
,,18,AZ HVAC LLC,,(202) 766-3844,https://azhvacllc.com/contact-us/,,No,No,Yes,No,No,No,
,,19,"AZA heating, cooling, plumbing & construction","5800 Quantrell Ave #1510, Alexandria, VA 22312",(202) 733-8633,https://azahvac.com/,info@azahvac.com,No,No,Yes,No,No,No,
,,20,Accurate Insulation LLC,"15121 Marlboro Pike, Upper Marlboro, MD 20772",(301) 627-6506,http://www.accurateinsulation.com/,msears@accurateinsulation.com,No,Yes,No,No,No,No,
,,21,Ace Air Conditioning & Heating Services Inc.,"14088-H Sullyfield Cir, Chantilly, VA 20151",(703) 691-0095,https://aceaironline.com,customerservice@aceaironline.com,No,No,Yes,No,No,No,
,,22,Acorns Technology LLC,,(571) 403-4385,https://www.yelp.com/biz/acorns-technology-general-contractors-alexandria,,No,No,Yes,No,No,No,
,,23,Advanced Green Home Solutions,"1125 West Street, Suite 421, Annapolis, MD 21401",443-575-6592,https://advancedgreenhomesolutions.com,Contact through Website ,Yes,Yes,Yes,No,No,No,Angi 2022 Super Service Award 
,,24,Air 1 Mechanical Heating and Cooling,"45710 Oakbrook Ct, Sterling, VA 20166",(703) 973-2471,https://airone360.com,info@airone360.com,Yes,No,Yes,Yes,No,No,"Factory Authorized Dealer Carrier, Google Guaranteed Service Provider "
,,25,Air Master Heating and Cooling,"3021 Georgia Ave NW, Washington, DC 20001",(202) 609-9803,https://airmasterdmv.com/,info@airmasterdmv.com,No,No,Yes,No,Yes,No,"Google Guaranteed, Carrier Factory Authorized Dealer"
,,26,Air Pro Heating & Air Conditioning Inc,"10653 Oakton Ridge Ct, Oakton, VA 22124",(703) 255-0624,https://airproinc.net,Contact through Website ,No,No,Yes,No,Yes,No,Factory Authorized Dealer Carrier
,Rheem,27,Air Treatment Co,"518 Mill St NE, Vienna, VA 22180",703-938-0550,https://www.air-treatment.com/,Contact through Website ,No,No,Yes,No,Yes,No,"BBB Accredited with A+ rating, Factory Authorized Dealer Carrier, Pro Partner Heating + Cooling, Residential Financing"
,,28,Airco Mechanical Company,"12100 Vale Rd, Oakton, VA 22124",(703) 919-0809,https://airco1.com,AIRCO@LIVE.COM,No,No,Yes,No,No,No,"A+ BBB Rating, NATE Certified Technicians"
,,29,Airsmith Pro Inc,"Woodbridge, VA",(571) 730-0112,http://www.airsmithpro.com,info@airsmithpro.com,No,No,Yes,No,Yes,No,
,,30,Airtech Specialist,"5645 General Washington Dr UNIT K, Alexandria, VA 22312",(703) 554-9503,https://www.airtechspecialist.com,NICK.TRAN@airtechspecialist.com,No,No,Yes,No,No,No,BBB Accredited with A+ rating
,,31,All Point Appliances and Repair,"4700 5th St NW Washington, DC 20011-4757",(202) 993-5812,https://www.bbb.org/us/dc/washington/profile/handyman/all-point-appliances-and-repair-llc-0241-236073579,,,,,,,,
,,32,All-Pro Services Inc,"1215 Ritchie Rd, Capitol Heights, MD 20743",(866) 941-4328,https://all-pro-services.com/,info@all-pro-services.com,No,No,Yes,No,Yes,No,"Factory authorized dealer for Lennox, Byrant, Carrier, Rudd, Rheem, York and Trane heating systems"
,,33,AllTech Services,"101-A Executive Dr STE 200, Sterling, VA 20166",703-540-3479,https://www.alltechservicesinc.com,Contact through Website ,No,No,Yes,No,Yes,No,BBB Accredited with A+ rating
,,34,"Alltec's, LLC","1800 Diagonal Rd,  Suite 600, Alexandria, VA 22314",(703) 647-6561,https://alltecsco.com,Contact through Website ,No,No,Yes,No,No,No,
,,35,American Home Builders Inc.,"2036 Tred Avon Rd., Essex, MD 21221",410-391-0500,https://www.americanhomebuildersinc.com,office@americanhomebuilders.com,Yes,No,Yes,No,No,No,
,,36,"American Home Performance, LLC","502 East Franklin Ave, Silver Spring, MD 20901",240-743-7115,https://www.ahpenergy.com,Contact through Website ,Yes,Yes,No,No,No,No,BBB Accredited with A+ rating
,,37,Arctic Sun Heating & AC Inc.,"3420 Catlett Rd, Catlett, VA 20119",(571) 380-6274,https://arcticsunheatingandcoolingva.hibuwebsites.com,Dispatch@arcticsuninc.com,No,No,Yes,No,Yes,No,
,,38,Argent Heating & Cooling,"2724 Dorr Ave, Fairfax, VA 22031",571-386-4280,,,,,,,,,
,,39,Arlington Heating & Air Conditioning,"3516 S Four Mile Run Dr, Arlington, VA 22206",(703) 671-2288,https://arlingtonheating.com/,Contact through Website ,No,No,Yes,No,Yes,No,
,,40,"Atlantic Coastal Cooling & Heating, Inc.","7845 Cessna Ave Gaithersburg, MD 20879",301-216-1945,https://acch4hvac.com,service@acch4hvac.com,No,No,Yes,No,Yes,No,
,,41,Atlas Home Energy Solutions,"5108 Pegasus Ct ste a, Frederick, MD 21704",301-364-5055,https://www.atlashomeenergy.com,save@atlashomeenergy.com,Yes,Yes,No,No,No,No,
,,42,B & B Air Conditioning and Heating Service Co. Inc.,"6725 Santa Barbara Ct #101, Elkridge, MD 21075",866-604-1220,https://www.bbairconditioning.com,Contact through Website ,No,No,Yes,No,Yes,No,
,,43,B'S PLUMBING,,(301) 645-7040,https://www.bplumbing.net/Home.html,b@bplumbing.net,No,No,No,No,Yes,Yes,
,,44,"B.M.C./Clower Heating and Air Conditioning, Inc."," 8956 Brookville Rd, Silver Spring, MD 20910",(301) 747-0123,https://www.bmcclower.com,Contact through Website ,No,No,Yes,No,No,No,BBB Accredited with A+ rating
,,45,BIG JOHN HVAC LLC,"1403 HOUGH LN, FT WASHINGTON, MD 20744",240-463-4270,https://www.bigjohnhvacllc.com,bigjohn@bigjohnhvacllc.com,No,No,Yes,No,No,No,
,,46,BJ POOL & SPA,,(703) 323-1333,,,,,,,,,
,,47,"BK Tech Contractor, LLC","7369 McWhorter Pl STE 400, Annandale, VA 22003",(703) 731-1211,https://bktcl.com,INFO@BKTCL.COM,No,No,Yes,Yes,No,No,
,,48,BREEDEN MECHANICAL INC,"8101 Flannery Ct #7596-19-8642, Manassas, VA 20109",703-631-2711,https://www.breedencompanies.com,PRHR@breedencompanies.com,No,No,Yes,No,No,No,
,,49,Barstow & Sons Htg & Cooling,"1825 George Ave #6, Annapolis, MD 21401",443-305-7844,https://www.barstowhvac.com,dispatch.barstowhvac@gmail.com,No,No,Yes,No,Yes,No,Factory Authorized Dealer Carrier
,Eaton,50,Bausum & Duckett Electric Co. Inc.,"Edgewater, MD 21037",800-624-8887,https://bdelec.net,Contact through Website ,No,No,No,Yes,No,No,Eaton Certified Electrical Contractor
,,51,Belair Engineering and Service Co Inc,"15881 Commerce Ct, Upper Marlboro, MD 20774",(301) 249-0302,https://www.belairengineering.com/upper-marlboro-storefront?utm_source=google&utm_medium=organic&utm_campaign=gbp,Contact through Website ,No,No,Yes,No,Yes,No,BBB Accredited with A+ rating
,,52,Bilmin Co,"7411 Lindbergh Dr, Gaithersburg, MD 20879",(301) 948-9040,https://www.bilminhvac.net/index.html,info@bilmin.com,No,No,Yes,No,No,No,
,Eaton,53,Birckhead Electric Inc.,"3506 Malec Ln, Bowie, MD 20715",(240) 206-8375,https://birckhead.com/,Contact through Website ,No,No,No,Yes,No,No,Eaton Certified Electrical Contractor
,Eaton,54,Blueprint Robotics,"1500 Broening Hwy, Baltimore, MD 21224",(443) 927-9027,https://www.blueprint-robotics.com/,Contact through Website ,No,No,No,Yes,Yes,No,Eaton Certified Electrical Contractor
,,55,"Bowa Builders, Inc.","7900 Westpark Drive, McLean, VA 22102",703-734-9050,http://www.bowa.com/,doug@bowa.com,,,,,,,
,,56,Brennan's Heating and A/C Service,"2608 Morse Lane Woodbridge, VA 22192",(703) 783-0145,https://www.brennanshvac.com,Contact through Website ,No,No,Yes,No,No,No,BBB Accredited with A+ rating
,,57,Brosenne Electric Service,"212 Old Liberty Rd Sykesville, MD 21784",410-549-1213,http://www.besmd.net/,besmd@comcast.net,No,No,No,Yes,No,No,Eaton Certified
,,58,Building Energy Pros,"PO Box 4225, West McLean, VA 22103",(240) 252-5292,https://buildingenergypros.com,Contact through Website ,Yes,Yes,Yes,No,No,No,
,,59,"C.A.R.E. Property Services, Inc.","12507 Sunset Avenue, Unit #30, Ocean City, MD 21842",1-888-243-1936,https://callcarefirst.com,Contact through Website ,Yes,Yes,No,No,No,No,BBB Accredited with A+ rating
,,60,CALIENTE HEATING & A/C,"Asburn, VA",(703) 498-0721,https://www.calientehvac.com,TOPHVACCARE@GMAIL.COM,No,No,Yes,No,No,No,
,,61,"CAPITAL MECHANICAL, LLC","22720 Ladbrook Dr. Suite 120 Dulles, VA 20166",703.433.9323,https://capmec.com,INFO@CAPMEC.COM,No,No,No,No,Yes,No,
,,62,CDR Services Heating & Air Conditioning LLC,"10501 Edgemont Drive Adelphi, MD 20783",301.332.0718,https://cdrheatingandac.com,cdrservices5845@gmail.com,No,No,Yes,No,No,No,
,,63,CHEVEZ HVAC,"4005 Underwood St, University Park, MD 20782",(301) 404-1018,https://www.chevezhvac.com/about-us,info@chevezhvac.com,No,No,Yes,No,No,No,Factory Authorized Dealer Carrier
,Eaton,64,CK Electric,"Sykesville, MD 21784",443.920.3078,https://ckelectricllc.com/,info@ckelectricllc.com,No,No,No,Yes,No,No,"BBB Accredited with A+ rating, Eaton Certified Electrical Contractor"
,,65,CM HTG & CLG MECH SVCS INC,"5308 SUNNYSIDE AVE, BELTSVILLE, MD 20705",301-390-5558,https://cmheatingandcooling.com,info@cmheatingandcooling.com,No,No,Yes,No,No,No,
,,66,CMC Energy Services,"7300 Pearl Street, Bethesda, MD 20814",(301) 951-0279,,,,,,,,,
,Eaton,,"Conde Tech Services, LLC","Great Falls, VA 22066",(571) 536-7575,https://www.condetechservices.com/,,,,,,,,Eaton Certified Electrical Contractor
,,67,COOL FACTORY INC,"45681 Oakbrook Ct STE 101, Sterling, VA 20166",(833) 833-2113,https://www.coolfactoryservices.com/lander,,No,No,Yes,No,No,No,
,"Rheem, BPI",68,Cropp Metcalfe Services,"8421 Hilltop Road, Fairfax, VA 22031",703-698-8855,http://www.croppmetcalfe.com/,mdiaz@croppmetcalfe.com,Yes,Yes,Yes,Yes,Yes,No,"Factory Authorized Dealer Carrier,  2018 PHCC National and Virginia Contractor of the Year, Pro Partner Heating + Cooling, Residential Financing, BPI GoldStar Contractor "
,Eaton,69,CYD Electrical,"Baltimore, MD 21229",1-800-31-46293,https://cydelectrical.com/,CONTACT@cydelectrical.com,No,No,No,Yes,No,Yes,Eaton Certified Electrical Contractor
,Eaton,70,Calvin Generator,"Baltimore, MD 21211",240-310-9495,http://www.calvingenerator.com/,CalvinGenerator@gmail.com,,,,,,,Eaton Certified Electrical Contractor
,Eaton,71,Cam Electrical Services Inc,"3800 North Point Blvd Baltimore, MD 21222",1-410-284-1308,https://cam-electrical.com,info@cam-electrical.com,No,No,No,Yes,No,Yes,Eaton Certified Electrical Contractor
,Eaton,,Castro Electrical Services,"Gaithersburg, MD 20855",,https://castroelectricalservices.com/,,,,,,,,Eaton Certified Electrical Contractor
,Eaton,72,Certified Electrical Technologies,"7879 Cessna Ave Gaithersburg, MD 20879",301.948.5252,http://www.certifiedelec.com/,gary@certifiedelec.com,No,No,No,Yes,No,No,Eaton Certified Electrical Contractor
,,73,Chandlers Plumbing and Heating,"6071 Arlington Blvd. Falls Church, VA 22044",703-536-4750,https://www.chandlersplumbingva.com,info@chandlersplumbing.com,No,No,Yes,Yes,Yes,No,
,,74,Clarksville Heating & Air,"7380 COCA COLA DRIVE, SUITE 121 HANOVER, MD 21076",443-324-0728,https://clarksvillecomfort.com/?utm_source=GMBlisting&utm_medium=organic,Contact through Website ,No,No,Yes,No,No,No,Factory Authorized Dealer Carrier
,,75,Coastal Heating and Air Conditioning Co Inc,"25 Hudson St. Annapolis, MD 21401",(443) 222-0508,https://coastalhvac.biz,Contact through Website ,No,No,Yes,No,No,No,Factory Authorized Dealer Carrier
,Eaton,76,Colonial Electric,"Harwood, MD 20776",410-928-4170,http://www.colonialelec.com/,INFO@COLONIALELEC.COM,No,No,No,Yes,No,Yes,"ABC CHESAPEAKE SHORES PLATINUM STEP SAFETY AWARD 2023, Eaton Certified Electrical Contractor"
,,77,Comfort Heating and Cooling,"5120 Southern Ave SE, Washington, DC 20019",(240) 755-2196,https://comfortheatingandcool.com/lander,,No,No,Yes,No,Yes,No,
,,78,Comfort Kings,3640 Dalrymple Rd Chesapeake Beach MD 20732,667-473-3011,https://www.comfortkingsllc.net,Info@comfortkingsllc.net,Yes,Yes,No,No,No,No,BPI GoldStar Contractor 
,Mitsubishi ,79,"Comfort Solutions, Inc.","7214A Lockport Pl, Lorton, VA 22079",703-266-3678,https://callcomfortsolutions.com,service@comfortsolutionsinc.net,Yes,No,Yes,Yes,Yes,No,"Mitsubishi Electric Diamond Contractor, Factory Authorized Dealer Carrier, North American Technician Excellence (NATE)"
,,80,Commercial Express HVAC,"44931 Falcon Place Sterling, VA 20166",(703) 378-4822,https://www.ce-hvac.com,humanresources@ce-hvac.com,No,No,Yes,No,No,No,American Society of Heating Refrigeration and Air Conditioning Engineers
,,81,"Complete Home Solutions, LLC","5463 Southern Maryland Blvd Unit #5 Lothian, MD 20711",(410) 867-1202,https://www.chomesolutions.com/?utm_source=google&utm_medium=organic&utm_campaign=GMBListing-Lothian-MD,Contact through Website ,Yes,Yes,Yes,No,Yes,No,"2023 EnergyStar Century Club Award, BBB Accredited with A+ rating, BPI GoldStar Elite Home Performance Contractor"
,,82,Condon Reed Inc,"140 W Jefferson St, Falls Church, VA 22046",(703) 534-5390,https://condonreed.com,Contact through Website ,No,No,Yes,No,No,No,
,,83,Constellation Home,"1409-A Tangier Dr, Middle River, MD 21220",888-243-4663,https://www.constellationhome.com/md/,Contact through Website ,Yes,Yes,Yes,Yes,Yes,Yes,LEED Silver Certification
,Daikin,84,"Cool Breeze Plumbing, Heating, and AC","18918 Premiere Ct, Gaithersburg, MD 20879",301-879-3400,https://www.coolbreezeplumbingheatac.com,service@foracoolbreeze.com,No,No,Yes,No,Yes,No,"Bryant Factory Authorized Dealer, BBB Accredited with A+ rating, Daikin Comfort Pro"
,,85,Cool ON Mechanical,Washington DC,(240) 350-0733,https://coolonmechanical.com,Contact through Website ,No,No,Yes,Yes,Yes,No,
,Daikin,,CORNETT HEATING & COOLING LLC,"104 RITCHIE HWY, PASADENA , MD 21122",410-647-6979,https://www.cornetthvac.com,Contact through Website ,No,No,Yes,No,Yes,No,Daikin Comfort Pro
,Rheem,86,Cyprus Air Heating & Cooling,"7525 Richmond Highway Alexandria, Virginia 22306",571-367-9600,https://indoorcomfort.com,,No,No,Yes,No,Yes,No,"BBB Accredited with A- rating, Pro Partner Heating + Cooling"
,,87,D&A SERVICE CO,"4506 Emerson St, Hyattsville, MD 20781",240-294-4470,https://www.dandahvac.com,Contact through Website ,No,No,Yes,No,Yes,No,
,,88,DC HVAC,,(202) 858-0790,https://dchvacs.com/,Contact through Website ,No,No,Yes,No,No,No,
,,89,DC Sustainable Energy Utility,1 M St SE 3rd floor,(202) 479-2222,https://www.dcseu.com/,,,,,,,,
,,90,Dannyshvac@yahoo.com,,,,,,,,,,,
,,91,Davis & Davis Air Conditioning. & Heating,"10530 Detrick Ave, Kensington, MD 20895",301-942-7210,http://www.davisanddavisinc.com/,Contact through Website ,No,No,Yes,No,No,No,BBB Accredited with A+ rating
,,92,Deons Home Repair,"5801 Fisher Rd, Temple Hills, MD 20748",(301) 679-3831,https://www.yelp.com/biz/deons-home-repair-temple-hills-2,,No,No,Yes,No,No,Yes,
,,93,Devere Insulation Home Performance,"7501 Resource Court Baltimore, MD 21226",410-487-0642,https://devereinsulation.com,cmorgan@devereinsulation.com,Yes,Yes,No,No,No,No,
,,94,Dicks Air Conditioning and Heating LLC,"7603 Allentown Rd, Fort Washington, MD",(301) 248-6000   &  240-766-5697,https://www.dickshvac.com/,,,,,,,,
,,95,District Department of the Environment,"1200 FIRST ST NE, WASHINGTON, DC 20002",(202) 671-3307,,,,,,,,,
,Rheem,,Douglas & Son Services,"19801 Bucklodge Road Boyds, MD 20841",301-467-1440,https://douglasandsonservices.com,Contact through Website ,No,No,Yes,No,Yes,No,Pro Partner Plumbing 
,,96,Donmar Heating and Cooling,"22900 Shaw Road #105 Sterling, VA 20166",703-457-8676,https://www.donmarcompany.com,Contact through Website ,No,No,Yes,No,Yes,No,"BBB Accredited with A+ rating, Factory Authorized Dealer Carrier"
,Eaton,97,"Dora Electric, LLC","Lorton, VA 22079",(202) 412-8335,https://www.doraelectric.com,contact@doraelectric.com,No,No,No,Yes,No,No,Eaton Certified Electrical Contractor
,,98,Drain Works Plumbing and heating llc,"3036 Shoreline Blvd, Laurel, MD 20724",301-437-1939,https://www.drainworksdmv.com,info@drainworksdmv.com,No,No,No,No,Yes,No,
,,99,Drymount Air,,(202) 368-3499,,,,,,,,,
,,100,"EAW Services, LLC","Baltimore, MD 21239",443-739-0356,,eawservicesllc@gmail.com,,,,,,,
,BPI,101,EDGE Energy,"6854 Distribution Dr, Beltsville, MD 20705",(888) 586-3343,http://www.edge-gogreen.com/,hello@edge-gogreen.com,Yes,Yes,Yes,Yes,Yes,No,"Six-time ENERGY STAR® Contractor of the Year, BPI GoldStar Contractor "
,,102,ELYSIAN ENERGY,"LAUREL, MD",240-371-3096,,,,,,,,,
,,103,"EcoMize USA, LLC","126 Church Lane, Cockeysville, MD 21030",410-446-7283,https://ecomizeusa.com,info@ecomizeusa.com,Yes,Yes,Yes,Yes,No,No,BBB Accredited with A+ rating
,,104,Ecobeco LLC,"107A West Edmonston Drive, Rockville, MD 20852",(240) 396-2141,http://www.ecobeco.com/,,,,,,,,
,BPI,105,Efficient Home LLC,"3905 National Drive, Suite 105 Burtonsville, MD 20866",(301) 476-7680,http://www.efficienthomellc.com/,info@efficienthomellc.com,Yes,Yes,Yes,No,No,Yes,BPI GoldStar Contractor 
,,106,"Elite Home Remodeling Group, LLC","712 H St Suite 2048 Washington, D.C 20002",202-841-0534,https://elitehomeremodelingllc.com/#top,Ucanremodel@gmail.com,No,No,Yes,Yes,No,No,
,,107,"Elysian Energy, LLC","14300 Cherry Lane Court, Laurel, MD 20707",877-456-9928,https://elysianenergy.com,info@elysianenergy.com,Yes,Yes,Yes,Yes,Yes,No,BBB Accredited with A+ rating
,,108,"Ener G, LLC","3900 Briars Rd Olney, MD 20832",301-363-1148 ,http://www.ener-gsave.com/,rnelson@ener-gsave.com,Yes,Yes,No,No,No,No,Maryland HOME PERFORMANCE WITH ENERGY STAR
,,109,Energy Efficiency Experts,"2437 15th St NW, Washington, DC 20009",202-557-9200,http://www.energyefficiencyexperts.com/,efficiency@epower3.com,Yes,Yes,No,No,No,No,HOME PERFORMANCE WITH ENERGY STAR
,,110,Environmental Systems Associates Inc," 9375 Gerwig Ln J, Columbia, MD 21046",410-645-0966,https://www.esaheatac.com/?utm_source=google-business-profile&utm_medium=organic&utm_campaign=business-listing&utm_content=esa,esa@esaheatac.com,No,No,Yes,No,Yes,No,Factory Authorized Dealer Carrier
,,111,FAST TECH PLUMBING INC,"6713 Terra Alta Dr, Lanham, MD 20706",(240) 764-9580,https://fasttechplumbing.com,info@fasttechplumbing.com,No,No,No,No,Yes,No,
,,112,"FUENTES GROUP, INC.",422 Hortleberry Court Silver Spring MD 20905,(240) 590-5538,https://www.carrier.com/residential/en/us/dealers/md/silver-spring/422-hortleberry-court-9013127-loc,Contact through Website ,No,No,Yes,No,No,No,
,Rheem,113,Fairland Plumbing & Heating,"4910 Brookeville Road, Brookeville, MD 20833",301-869-2727,https://www.fairlandplumbing.net/,Contact through Website ,No,No,Yes,No,Yes,No,Residential Financing
,,114,Falcon Heating and Air Conditioning Inc,"42731 Trade W Dr Suite 300, Sterling, VA 20166",(703) 596-9998,https://www.falconhvac.com,Contact through Website ,No,No,Yes,No,Yes,No,BBB Accredited with A+ rating
,,115,Five Star Cooling," 1215 3rd Street NE, Washington, DC 20002",(202) 471-1883,https://www.acwashingtondc.com/,Contact through Website ,No,No,Yes,No,Yes,No,
,,116,Flores HVAC Services,"2421 Griffen St, Hyattsville MD, 20783",301-291-1269,https://www.floreshvacservices.com,floreshvacservices07@gmail.com,Yes,No,Yes,No,Yes,No,
,Rheem,117,"Frosty's Heating & Cooling, Inc","3013 Colvin St, Alexandria, VA 22314",703-671-9193,http://www.frostysinc.com/,Contact through Website ,No,No,Yes,No,Yes,No,"Pro Partner Heating + Cooling, Residential Financing"
,,118,"Fry Plumbing, Heating And Air Conditioning Corp.","327 L Street Northeast, Washington, DC 20002",(202) 935-9854,https://www.fryplumbing.com/,Contact through Website ,No,No,Yes,No,Yes,No,
,,119,Future Green Services,"2020 F ST NW Washington, D.C., 20006",(301) 223-2334,https://www.futuregreenservices.com/services,info@futuregreenservices.com,Yes,No,Yes,No,No,No,HOME PERFORMANCE WITH ENERGY STAR
,,120,GOMEZ AC,"6429 TELEGRAPH RD, ALEXANDRIA, VA 22310",703-906-0982,https://www.homeadvisor.com/rated.GomezACContractor.63047811.html,,No,No,Yes,No,No,No,HomeAdvisor Screened & Approved
,,121,GREENACRES PLUMBING,"11681 Bacon Race Road Woodbridge, VA 22192",571-513-8414,https://www.homeadvisor.com/rated.GreenacrePlumbingLLC.43518616.html,,No,No,No,No,Yes,No,HomeAdvisor Screened & Approved
,,122,GT Mechanical ,"2 Cinnamon Fern Rd, Round Hill, VA 20141",571-206-2086,https://www.gtmechanic.com,Giancarlo@gtmechanic.com,No,No,Yes,No,Yes,No,
,,123,GW AIR SERVICE,"3635 Yorktown Dr Waldorf, MD 20601",(240) 601-3041,https://gwairservicellc.com,Contact through Website ,No,No,Yes,No,Yes,No,
,,124,Gaitan Services Heating & Air Conditioning,"12304 Village Square Terrace #402, Rockville, MD 20852",(240) 505-1346,https://www.gaitanservices.com,nelson@gaitanservices.com,No,No,Yes,No,Yes,No,
,,125,Garneski Air Conditioning and Heating,"45915 Maries Rd Suite 184, Sterling, VA 20166",571-446-0528,,,,,,,,,
,Mitsubishi ,126,Gary P Frank Inc,"8918 Ridge Pl, Bethesda, MD 20817",301-493-5766,https://www.garypfrank.com,Contact through Website ,Yes,No,Yes,No,Yes,No,"Mitsubishi Electric Diamond Contractor, Factory Authorized Dealer Carrier"
,,127,Glenmont Air Conditioning and Heating Inc,"2267 Lewis Ave Rockville, MD 20851",(301) 468-2665,https://glenmonthvac.com/?utm_source=Google&utm_medium=Organic&utm_campaign=GBP,info@glenmonthvac.com,No,No,Yes,No,No,No,"Factory Authorized Dealer Carrier, BBB Accredited with A+ rating"
,,128,Gojonesy Enterprises,"938 Swan Creek Rd Fort Washington, MD 20744",(470) 488-6692,https://www.yelp.com/biz/gojonesy-enterprises-fort-washington,,No,No,No,No,No,Yes,
,,129,Green-Energy 360,"4070 Finsbury Lane, Frederick, MD 21704",(240) 397-6901,https://www.green-energy360.com,info@green-energy360.com,Yes,No,No,No,No,No,
,,130,"Greenworks Systems, LLC","9120 Belair Rd Nottingham, MD 21236",(410) 256-3000,https://www.greenworks-systems.com,ryan@greenworks-systems.com,Yes,Yes,Yes,No,No,Yes,BPI Certified Professional 
,,131,H.D. Johnson,"1415 Elliot Pl. NW, 1st Floor Washington, DC 20007",(202) 470-6620,http://hdjohnsoninc.com/,Contact through Website ,No,No,Yes,No,Yes,No,Delta Pro Certified 
,,132,HECOX HOME SERVICES,"12115 Parklawn Dr Unit C, Rockville, MD 20852",301-943-5339,https://www.hecoxhomeservices.com,Contact through Website ,No,No,Yes,Yes,No,No,
,,133,HOME COMFORT AIR SERVICES,"9737 Mount Pisgah Rd #201, Silver Spring, MD 20903",240.390.7442,https://www.homecomfortairservices.com/?utm_source=google&utm_medium=organic&utm_campaign=gbp,Contact through Website ,No,No,Yes,No,Yes,No,BBB Accredited with A+ rating
,,134,HVAC Unlimited,"9704 Gunston Cove Rd A, Lorton, VA 22079",(703) 337-4892,https://hvac-unlimited.com/?utm_source=google&utm_medium=organic&utm_campaign=GMB%20Listing,Contact through Website ,No,No,Yes,No,Yes,No,"Factory Authorized Dealer Carrier, BBB Accredited with A+ rating"
,,135,J.M. Mullen Electrical Services,"Annapolis, MD",(410) 266-6316,https://jmmullenelectric.com,service@jmmullenelectric.com,No,No,No,Yes,No,No,
,Eaton,,"Harris Mullen Electric, LLC","Baltimore, MD 21214",,n/a,,,,,,,,Eaton Certified Electrical Contractor
,,136,Heating Ventilation Air Conditioning Mechanical Service,"4471 MacArthur Blvd NW Suite 104, Washington, DC 20007",(202) 480-1337,https://hvacmechanicalservice.com/,contact@ecmechanicalservices.com,No,No,Yes,Yes,No,No,
,Eaton,,Hickerson Brothers Electric Service Inc,"Catlett, VA 20119",,,,,,,,,,Eaton Certified Electrical Contractor
,Eaton,137,"Holt Electrical Contractors, Inc","Gaithersburg, MD 20879",(301) 349-2980​,http://www.holtelectrical.com/,m.holt@holtelectrical.com,No,No,No,Yes,No,No,Eaton Certified Electrical Contractor
,,138,"Home Energy HERO, LLC","PO Box 121, CLARKSVILLE, MD 21029",(888) 490-4376,http://www.homeenergyhero.com/,save@homeenergyhero.com,Yes,Yes,No,No,No,No,"BPI Envelope Professional, Energy Star Partner, BGE Smart Energy Participating Contractor, Pepco’s Home Energy Savings Program Partner"
,BPI,139,Home Energy Medics LLC,"817 22nd St. South Arlington, VA 22202",(703) 447-5379,http://www.homeenergymedics.com/,vwells@homeenergymedics.com,Yes,Yes,Yes,No,Yes,No,BPI GoldStar Contractor 
,,140,Home Energy Saving Solutions,"5268 Nicholson Ln #167, Rockville, MD 20852",301-804-2958,http://www.marylandenergyaudit.net/,info@marylandenergyaudit.net,Yes,Yes,No,No,No,No,"BBB Accredited with A+ rating, HOME PERFORMANCE WITH ENERGY STAR"
,BPI,141,Hometrust Remodeling,"8345 Sperry Court Laurel, MD 20723",(301) 957-6532,http://www.hometrustremodeling.com/,info@hometrustremodeling.com,Yes,Yes,No,No,No,No,"BPI Certified Professional, BPI GoldStar Contractor "
,Daikin,,HORIZON SERVICES ,"2607 N Rolling Rd. Suite 201, WINDSOR MILL , MD 21244",443-249-9585,https://www.horizonservices.com,Contact through Website ,No,No,Yes,Yes,Yes,No,Daikin Comfort Pro
,Daikin,142,Hugee Corporation,"1818 New York Ave NE, Ste 208D Washington DC, 20002",202-636-1041,https://www.hugeecorporation.com,Contact through Website ,No,No,Yes,No,Yes,No,"BBB Accredited with A+ rating, Daikin Comfort Pro"
Include pools?,,143,Hydro Pool & Spa,,(301) 258-9595,,,,,,,,,
,,144,ICF International-VA,"9300 Lee Highway, Fairfax, VA 22031",(703) 934-3153,http://www.icfi.com/,mmilin@icfi.com,,,,,,,
,,145,Integrity Hvac And Duct Cleaning Services.,"8605 Sacramento dr, Alexandria, VA, 22309",(571) 351-7391,https://integrityductandhvacservices.com,hvacvalue4@gmail.com,No,No,Yes,No,No,No,
,,146,JAMA Heating & A/C INC,"7208 Poplar St, Annandale, VA 22003",(703) 307-6935,https://www.jamaheatingandcooling.com,jamaheatingandair@verizon.net,No,No,Yes,No,Yes,No,EPA certified
,,147,JD Air,"9701 Apollo Dr Ste 100 Upper Marlboro, MD 20774",202-780-6247,https://www.jd-air.net,getcomfy@jd-air.net,No,No,Yes,No,No,No,BBB Accredited with A+ rating
,Daikin,148,James A Wheat & Sons Inc.,"7834 Beechcraft Ave, Gaithersburg, MD 20879",301-670-1944,https://www.wheatandsons.com/,Contact through Website ,No,No,Yes,No,Yes,No,"Factory Authorized Dealer Carrier, Daikin Comfort Pro"
,Rheem,,James Vito dba Vito Services,"681 Southlawn Ln Rockville, MD 20850",301-251-0211,,,,,,,,,"Pro Partner Heating + Cooling, Residential Financing"
,,149,Vito Services,"681 Southlawn Ln Rockville, MD 20850",301-795-0758 ,https://vitoservices.com/?utm_source=gmb&utm_medium=organic,Contact through Website ,No,No,Yes,No,Yes,No,BBB Accredited with A+ rating 
,,150,Jimmy Gusky Heating & Air LLC,"2604 Connecticut Ave NW, Washington, DC 20008",(202) 246-9380,https://www.jimmygusky.com/,jimmygusky@aol.com,No,No,Yes,No,Yes,No,
,,151,Jireh Heating & Cooling,"8601 Temple Hill Rd. Temple Hill, MD 20748",240-831-2713,http://jirehheatingandcooling.com/,manuel.airconditioning@gmail.com,No,No,Yes,No,No,No,
,,152,John E. Nugent & Sons,"45921 Maries Rd Sterling, VA 20166",571-652-8659,https://www.nugentsons.com/?utm_source=GMB&utm_medium=organic&utm_campaign=GMB-Sterling-VA,Contact through Website ,No,No,Yes,Yes,Yes,Yes,Factory Authorized Dealer Carrier
,Mitsubishi ,153,John G Webster Service Co,"10738 Tucker Street Beltsville, MD 20705",(240) 433-1300,https://johngwebster.com,info@johngwebster.com,No,No,Yes,No,Yes,No,"Mitsubishi Electric Diamond Contractor, BBB Accredited with A+ rating "
,,154,KBM Mechanical Services LLc,"451 Hungerford Dr Ste 143 Rockville, MD 20850",(240) 778-9063,https://www.yelp.com/biz/kbm-mechanical-services-rockville,,No,No,Yes,No,Yes,No,
,,155,Kinzo Inc.,"7104 Carriage Hill Dr Laurel, MD 20707",(240) 417-1670,https://www.yelp.com/biz/kinzo-laurel-2,kinzoinc@yahoo.com,Yes,Yes,No,No,No,No,
,Daikin,,KING MECHANICAL CO INC,"1718 BELMONT AVE STE J, WINDSOR MILL , MD 21244",410-265-0078,https://www.kingmechanicalco.com,service.kingmechanicalco@gmail.com,No,No,Yes,No,No,No,Daikin Comfort Pro
,,156,"Kmer Plumbing, Serwer, Drain",,(240) 316-5329,https://www.kmerplumbing.com/,,,,,,,,
,,157,Kooltech Engineering Llc,"Bowie, Maryland",(571) 283-2422,https://citylocal101.com/cl03733-heating-services-cost-bowie-md#Intro,kooltech2050@gmail.com,No,No,Yes,No,No,No,
,,158,Krafft Air Conditioning Service,"5707 A Edsall Road, Alexandria VA 22304",703-751-7510,https://www.krafftservice.net,info@krafftservice.net,No,No,Yes,No,Yes,No,BBB Accredited with A+ rating 
,,159,L&B UNIVERSAL INC,"3852 Dulles South Ct., Unit I, Chantilly, VA 20151",703-618-4822,https://lbuniversal.com,info@lbuniversal.com,No,No,Yes,No,Yes,No,
,Mitsubishi ,160,"LEONARD-SPLAINE CO., INC","13300 Occoquan Road, Woodbridge, VA 22191",571-677-2125,https://www.leonardsplaine.com,Contact through Website ,No,Yes,Yes,Yes,Yes,No,Mitsubishi Electric Diamond Contractor
,,161,"Last Minute Services, PLLC","1238 Van Buren St. N.W., Washington, DC 20012",(202) 427-4650,https://www.angi.com/companylist/us/dc/washington/last-minute-services-pllc-reviews-1.htm,,No,No,Yes,No,Yes,No,
,,162,Lebrun's HVAC Services,"14030 Connecticut Ave #5260 Silver Spring, MD, 20916",301-613-1392,http://lebrunshvac.com/,nicson@lebrunshvac.com,No,No,Yes,No,No,No,NEST PRO Installer
,,163,Lilker EMO Energy Solutions,"3130 Fairview Park Dr, Falls Church, VA 22042",(703) 205-0445,http://www.lilker.com/emo.html,,,,,,,,
,,164,Lindy M. Redding Co.,"412 Headquarters Drive, Suite 6 - Millersville MD. 21108",410-987-4070,https://www.lindyredding.com,lmredding@verizon.net,No,No,Yes,No,No,No,
,Eaton,165,Linthicum Electrical Services,"Olney, MD 20832",(301) 449-1600,,linthicumelectric@comcast.net,,,,,,,Eaton Certified Electrical Contractor
,,166,Long Engineering,"10111 Martin Luther King Jr Hwy Bowie, MD 20720",(202) 657-7978,https://www.longengineering.org,admin@longengineering.org,No,No,Yes,No,No,No,
,,167,Luka Home Services ,"8245 Boone Blvd STE 450, Vienna, VA 22182",,,,,,,,,,
,,168,Lumeco Energy,"8643 Cherry Lane Laurel, MD, 20707",301-852-7663,https://www.lumecoenergy.com,info@lumecoenergy.com,Yes,Yes,Yes,Yes,Yes,No,
,,169,MCCREA EQUIPMENT CO INC,"4463 Beech Rd. Temple Hills, MD 20748",877-323-6324,https://www.mccreaway.com,mdservice@mccreaway.com,No,No,Yes,No,No,No,BBB Accredited with A+ rating 
,,170,METRO SERVICES HVAC LLC,"30 N Summit Ave Unit 2, Gaithersburg, MD 20877",(240) 676 1804,https://metroserviceshvac.com,info@metroserviceshvac.com,No,No,Yes,No,Yes,No,
,Rheem,171,"MVM Home Service, Inc.","5705 Oak Hill Pl Alexandria, VA 22310",703-919-9113,https://mvmhomeservicellc.com,mauriciolopez@mvmhomeservice.com,No,No,Yes,No,No,No,"Pro Partner Heating + Cooling, Residential Financing, BBB Accredited with A+ rating "
,"Rheem, Mitsubishi, Daikin",172,"Magnolia Plumbing, Heating & Cooling","600 Gallatin Street NE Washington, DC 20017",202-829-8510,https://magnoliacompanies.com/,Contact through Website ,No,No,Yes,No,Yes,No,"Pro Partner Heating + Cooling, Residential Financing, Mitsubishi Electric Diamond Contractor, BBB Accredited with A rating, Backflow certified, WARDFlex certified, Air Bound certified, Daikin Comfort Pro"
,Eaton,,Magothy Electric Co. Inc.,"Glen Burnie, MD 21060",,,,,,,,,,Eaton Certified Electrical Contractor
,,173,Mann-In Inc,"14700 Flint Lee Rd, Chantilly, VA 20151",(703) 263-1200,https://mann-in.com,info@mann-in.com,No,No,Yes,No,Yes,No,Factory Authorized Dealer Carrier
,,174,"Mannix Heating & Cooling, LLC","26955 Gum Spring Road Chantilly, VA 20152",(703) 777-9211,https://mannixhvac.com/?utm_source=google&utm_medium=organic&utm_campaign=chantilly_gbp,Contact through Website ,No,No,Yes,Yes,Yes,No,"BBB Accredited with A+ rating, Factory Authorized Dealer Carrier"
,,175,Maryland Heating & Air,"1 Mace Ave Essex, MD 21221",(855) 410-8324,https://marylandhvacr.com,service@marylandhvacr.com,No,No,Yes,No,Yes,No,BBB Accredited with A+ rating 
,,176,McCrea Heating & Air Conditioning,"4463 Beech Rd. Temple Hills, MD 20748",877-323-6324,https://www.mccreaway.com/,mdservice@mccreaway.com,No,No,Yes,No,No,No,BBB Accredited with A+ rating 
,Eaton,177,"Meyer Electrical Services, Inc.","7209 Lenhart Dr, Bethesda, MD 20815",301-941-1400,http://www.meyerelectrical.com/,walt@meyerelectrical.com,No,No,No,Yes,No,Yes,"Kohler In Power Gold Dealer, Eaton Certified Electriical Contractor"
,Eaton,178,"Michael & Son Services, Inc.","5740 General Washington Dr Alexandria, VA 22312",(800) 948-6453,http://www.michaelandson.com/,eric.gainer@michaelandson.com,No,No,Yes,Yes,Yes,Yes,"Factory Authorized Dealer Carrier, Eaton Certified Electriical Contractor"
,,179,Mike's Heating and Cooling Inc,"Silver Spring, MD 20901",(240) 255-2975,https://hvaccompanysilverspring.com/,Contact through Website ,No,No,Yes,No,Yes,No,
,,180,Mikes Mechanical Services,"10816 Town Center Blvd. #706 Dunkirk, MD 20754",(301) 848-5212,https://mechanicalservices.info,michaelvitko@hotmail.com,No,No,Yes,No,No,No,
,Eaton,,Minor Buckler Electrical Cont.,"Mechanicsville, MD 20659",,,,,,,,,,Eaton Certified Electrical Contractor
,Eaton,,Mister Rogers Electric,"Woodbridge, VA 22192",,https://misterrogerselectric.com/,,,,,,,,Eaton Certified Electrical Contractor
,Eaton,181,Mister Sparky Of Virginia,"3601 Commerce Dr Ste 101 Halethorpe, MD 21227",(443) 646-3096,https://www.mistersparky.com/,Contact through Website ,No,No,No,Yes,No,No,Eaton Certified Electriical Contractor
,,,"Mister Sparky Electric - Glen Burnie, MD",,,https://www.mistersparky.com/columbia-md/,,,,,,,,
,,182,Mobile Heat HVAC,"7805 Maris Ct ANNANDALE, VA, 22003",703.501.4945,https://mobileheathvacr.com/,Contact through Website ,No,No,Yes,No,Yes,No,
,,183,Mole Construction Inc,"Falls Church, VA",,,,,,,,,,
,Eaton,,"Mister Sparky Electric - Glen Burnie, MD","Glen Burnie, MD 21061",,,,,,,,,,Eaton Certified Electrical Contractor
,Eaton,184,Mr. Electric of Fairfax ,"7350 Lockport Pl, Ste D Lorton, VA, 22079",(703) 349-4796,https://mrelectric.com/fairfax,Contact through Website ,No,No,No,Yes,No,Yes,Eaton Certified Electrical Contractor
,,185,"Mud Heating & Air Conditioning, LLC",5802 Galloway DR Oxon Hill MD 20745,703-731-0030,http://mudheatingairconditioning.com/,mudhvac@hotmail.com,No,No,Yes,No,Yes,No,
,,186,NO-FROST A/C & HTG,"4990 Waterloo Rd. Ellicott City , MD 21043",(410) 461-6422,https://www.no-frost.com,frost4990@aol.com,No,No,Yes,No,Yes,No,BBB Accredited with A+ rating 
,,187,NS HVAC,"8924 Telegraph rd Lorton, VA 22079",(703) 599-7974 ,https://www.nshvac.com,info@nshvac.com,No,No,Yes,No,No,No,BBB Accredited with A+ rating 
,,188,National Water Service,"7249 Mink Hollow RoadHighland, MD 20777",(301) 854-1333,https://nationalwaterservice.com/,service@nationalwaterservice.com,No,No,No,No,Yes,No,Expertise.com: Best Plumbers in Washington DC 2021
,Eaton,189,Nice Splice Electric,"9500 Sidebrook Rd, Apt.102 Owings Mills, MD 21117",(667) 305-8429,http://nicespliceelectric.com/,nicesplicellc@gmail.com,No,No,No,Yes,No,No,"HomeAdvisor Top Rated, Eaton Certified Electrical Contractor"
,,190,Northern Virginia Air Conditioning Inc,"7644-D Fullerton Road, Springfield, VA 22153",703-569-6822,http://www.nvac4u.com,service@nvac4u.com,No,No,Yes,Yes,Yes,No,Factory Authorized Dealer Carrier
,,191,"Olympic Aire Services, Inc.","4384 Hackett Place White Plains, MD 20695",301-327-0838,https://www.olympicaire.com/?utm_source=google-business-profile&utm_medium=organic&utm_campaign=business-listing&utm_content=olympicaire,Contact through Website ,No,Yes,Yes,No,Yes,No,
,Mitsubishi ,192,One Hour Heating and Air Conditioning of Northern VA,"21730 Red Rum Drive, Suite 182 Ashburn, VA 20147",(571) 667-4833,https://www.onehourheatandair.com/northern-virginia/?utm_source=GMB&utm_medium=organic&utm_campaign=gbp_main,Contact through Website ,No,No,Yes,No,Yes,No,Mitsubishi Electric Diamond Contractor
,Eaton,193,"Ourisman Environmental, LLC","Bethesda, MD 20814",301-652-5299,http://www.greencardc.com/,greencardc@gmail.com,,,,,,,Eaton Certified Electriical Contractor
,,194,PARS Heating & Air Conditioning,"22800 Executive Drive Suite 100 Sterling, VA 20166",703-742-8384,https://www.parshvac.com,Contact through Website ,No,No,Yes,No,No,No,
,,195,PCK HVAC LLC,"10423 Huntley Ave, Silver Spring, MD 20902",240-252-8287,http://www.pckhvac.com,,No,No,Yes,No,No,No,
,,196,"PEG, LLC","3975 Fair Ridge Drive, Suite T15S, Fairfax, VA 22033",(703) 934-2777,http://www.pegenv.com/,joshsp@pegenv.com,,,,,,,
Include pools?,,197,POOLSERVICE COMPANY,,(703) 528-3400,,,,,,,,,
,,198,PRESIDENTIAL HEATING & A/C INC,"8000 Cessna Ave Gaithersburg, MD 20879",301-719-3315,https://www.presidentialheatandair.com/?se_custom_field_10=null,Contact through Website ,No,No,Yes,No,No,No,"Expertise.com: Best HVAC / Furnace Repair & AC Repair in Washington DC 2020, Factory Authorized Dealer Carrier"
,,199,"Perry Aire Services, Inc",640 20th St S,(703) 521-2226,http://www.perryaire.com/,,,,,,,,
,,200,Polar Bear Air Conditioning & Heating Inc.,"1045 Wisconsin Ave NW, Washington, DC 20007",703-982-0074,https://www.polarbearairconditioning.com/,Contact through Website ,No,No,Yes,No,No,No,
,,201,"Potomac View Energy, Inc.","7520 Main Street, Suite 201 Sykesville, MD 21784",410-525-4262,https://potomacviewenergy.com/?utm_source=google&utm_medium=organic&utm_campaign=GMBListing-Sykesville-MD,Contact through Website ,Yes,Yes,No,No,No,No,"BBB Accredited with A+ rating, BPI Certified Professional"
,,202,Premier Multi Services,,,,,,,,,,,
,,203,Presidential Heating and Air Conditioning,"Gaithersburg, MD",240-428-7085,,,,,,,,,
,Eaton,,Pro Energy Electric LLC,"Baltimore, MD 21206",,,,,,,,,,
,,204,QUALITY AIR EXPERTS,"45945 Trefoil Ln, Unit 133, Sterling, VA 20166",(571) 206-8296,https://www.qualityairexperts.com,Info@qualityairexperts.com,No,No,Yes,No,Yes,Yes,Has applied for BBB accreditation.
,,205,R Square Consolidated SVCS LLC,"12347 Carroll Ave, Rockville, MD 20852",(301) 810-4286,https://www.rsquarehvac.com,info@rsquarehvac.com,No,No,Yes,No,Yes,No,"Air Conditioning Contractors of America, National Association of Power Engineers, Environmental Protection Agency"
,,206,R-tech Services Llc,"Manassas, VA 20111 ",703-869-9344,https://www.rtechhvac.com,Rtechhvacservices@yahoo.com,No,No,Yes,No,No,No,
,,207,"R. A. Dobson, Inc.","22875 Bryant Ct # 200, Sterling, VA 20166",(703) 481-3700,https://radobson.com,Contact through Website ,No,No,Yes,No,Yes,No,Factory Authorized Dealer Carrier
,,208,R. E. Robertson Plumbing and Heating,"1829 George Avenue Annapolis, Maryland 21401",(410) 266-0636,https://www.rerobertson.com,info@rerobertson.com,No,No,Yes,No,Yes,No,Factory Authorized Dealer Carrier
,,209,RES Home Services,"Springfield, VA 22150 ",(703) 232-1736,https://reshomeservices.com,info@reshomeservices.com,No,No,Yes,No,Yes,No,BBB Accredited with A+ rating
,,210,"RIVERA & SONS, INC dba HD JOHNSON",5500 MACARTHUR BLVD NW WASHINGTON DC 20016,(202) 618-9139,https://www.carrier.com/residential/en/us/dealers/dc/washington/5500-macarthur-blvd-nw-196055-loc,Contact through Website ,No,No,Yes,No,No,No,Factory Authorized Dealer Carrier
,,211,"ROGER HANSEN POOL SERVICE, INC.",,(301) 565-3981,,,,,,,,,
,,212,"RUBIO MECHANICAL, INC.","8451 Hilltop Road, Suite D Fairfax, VA 22031",(703) 304-5596,https://rubiomechanical.com,Contact through Website ,No,No,Yes,No,Yes,No,
,,213,Richards Air Conditioning Co,"200 Hillwood Ave Falls Church, VA 22046",(703) 241-1900,https://www.richardsac.com,Contact through Website ,No,No,Yes,No,Yes,No,Factory Authorized Dealer Carrier
,,214,Riley Heat and Air,"906 I St NW Washington, DC 20268",202.386.6300,https://www.rileyheatandair.com,rileyheat@yahoo.com,No,No,Yes,No,No,No,
,,215,"Rubio Mechanical, Inc.","FAIRFAX, VA",571-489-5311,,,,,,,,,
,,216,Rush Electric Co Inc,"5510 Franconia Rd Alexandria, VA 22310",(703) 971-3900,https://www.rushcompanies.com,Contact through Website ,No,No,Yes,Yes,Yes,No,
,,217,SM Mechanical LLC,"7110 Golden Ring RD suite 116 Essex, MD 21221",(410) 559-9514,https://www.smmechanicalhvac.com,Contact through Website ,Yes,No,Yes,Yes,Yes,No,BBB Accredited with A rating
,,218,SPRINGTYME HVAC,"14020 Briarwood Dr, Laurel, MD 20708",(301) 379-3313,https://www.cylex.us.com/company/springtyme-hvac-26835783.html,info@cylex-usa.com,No,No,Yes,No,No,No,
,,219,Salvation Home Service,"8003 Brompton St, West Springfield, VA 22152",(703) 859-2200,https://www.salvationhvac.com,salvationhomeservice@gmail.com,No,No,Yes,No,Yes,No,MITSUBISHI ELECTRIC Accredited Installer
,,220,Shaw Services Air Conditioning and Heating LLC,"9345 Mike Garcia Drive Manassas, Virginia 20109",571-261-3800,https://shawservices.net,Contact through Website ,No,No,Yes,No,Yes,No,Factory Authorized Dealer Carrier
,,221,Shepherd Design and Construction,"16701 Melford Blvd, Ste. 400, Bowie, MD 20715",240-462-8927,,,,,,,,,
,Mitsubishi ,222,"Sila Heating, Air Conditioning & Plumbing","7000 Virginia Manor Rd Beltsville, Maryland 20705",(240) 376-3186,https://dcmdva.sila.com/?utm_source=google&utm_medium=organic,webresponse-md@sila.com,No,No,Yes,No,Yes,No,"Mitsubishi Electric Diamond Contractor, BBB Accredited with A+ rating"
,,223,Sledge Total Protection LLC,"9244 E Hampton Dr Ste 602 Capitol Heights , MD 20743",(301) 241-6195,https://www.sledgetotalprotection.com,Contact through Website ,No,No,Yes,No,Yes,No,
,,224,Smart Energy Pros,"9613 Harford Rd Ste C # 1122, Parkville, MD, 21234",(443) 536-5862,https://www.smartenergyprofessionals.com,info@smartenergyprofessionals.co,Yes,Yes,No,No,No,No,"BPI-Certified Energy Auditors, HomeAdvisor Top Rated"
,,225,Smart Home Services,,(703) 914-0044,,,,,,,,,
,Daikin,,SNELL HEATING AND AIR,"22977 Eaglewood Ct, STERLING , VA 20166",571-701-1177,https://www.snellheatingandair.com,Contact through Website ,No,No,Yes,Yes,Yes,No,Daikin Comfort Pro
,,226,Son-Rise Energy Conservation LLC,"1088 POOLE RD, Hedgesville, WV 25427 ",(304) 754-4277,https://www.buildzoom.com/contractor/son-rise-energy-conservation-llc,Contact through Website ,No,No,No,No,No,Yes,
,,227,"Spartan Plumbing, Heating and Air Conditioning","3540 CRAIN HIGHWAY #203 BOWIE, MD 20716",800-882-0194,https://www.spartanman.com,Contact through Website ,Yes,No,Yes,No,Yes,No,BBB Accredited with A+ rating
,,228,Standard Energy Solutions,"9520 Gerwig Ln Suite T, Columbia, MD 21046",410-844-3800,https://www.standardenergysolutions.com/?utm_source=GMBlisting&utm_medium=organic,info@standardenergysolutions.com,No,No,No,No,No,No,Solar Installers 
,,229,"Su' Coy Heating, AC & Duct Cleaning","100 M St SE #600, Washington, DC 20003 ",(301) 888-0037,https://sucoy-hvac.com,Info@sucoy-hvac.com,No,No,Yes,No,No,No,BBB Accredited
,,230,Superior Design & Restoration,"8713 Cowenton Ave, Perry Hall, MD 21128",410-256-3839,https://www.superiordesignandrestoration.com,customerservice@sdrteams.com,Yes,No,Yes,No,No,No,"BBB Accredited with A+ rating, BPI Certified Contractor, EPA Certified Firm  "
,,231,T J Fannon and Sons Inc,"1200 Duke St, Alexandria, VA 22314",(703) 549-5700,https://www.tjfannon.com,Contact through Website ,No,No,Yes,No,Yes,No,Factory Authorized Dealer Carrier
,,232,TEK7 Heating & Air Conditioning,"4225 Guinea Rd Annandale, VA 22003",703.323.7777,https://tekseven.com,tek7pro@gmail.com,No,No,Yes,No,No,No,
,,233,THE SERVICE CART LLC,"7255 Gabe Ct, Manassas, VA 20109",(703) 705-2525,https://theservicecart.com,Info@Theservicecart.com,No,No,Yes,No,Yes,No,
,,234,THOMAS E CLARK HEATING & A/C,"2412 Linden Ln, Silver Spring, MD 20910",(301) 608-0550,https://www.thomaseclark.com,chris@thomaseclark.com,No,No,Yes,No,Yes,No,BBB Accredited with A+ rating
,Daikin,235,TUCKERS AC & HTG LLC,"4650 WEDGEWOOD BLVD STE 102, FREDERICK , MD 21703",240-982-6137,https://tuckersac.com/?hsLang=en,Contact through Website ,No,No,Yes,No,Yes,No,"Daikin Comfort Pro since 2014, USA Club Membership"
,,236,"TWIN AIR, LLC","8615-B Quarry Rd, Manassas, VA 20110",(703) 754-1062,https://twinairllc.com,office@twinairllc.com,No,No,Yes,No,Yes,No,IGSHPA Certified Contractor
,,237,Temperature Heating and Cooling LLC,"12024 Stallion Ct, Woodbridge, VA 22192",571-252-4528,https://temperaturehvac.com,temperature1hvac@gmail.com,No,No,Yes,No,Yes,No,
,,238,Terra Insulation,"8340-C Beechcraft Ave, Gaithersburg, Maryland 20879",301-660-8579‬,https://www.terrainsulation.com,info@terrainsulation.com,Yes,Yes,Yes,No,Yes,No,
,Daikin,239,Trademasters Service INC,"7208 Lockport Pl. Lorton, VA 22079 ",703-644-6400,https://trademasters.com,HELP@TRADEMASTERS.COM,No,No,Yes,Yes,Yes,Yes,"Commonwealth of Virginia V3 Certified Company, National Comfort Institute, Trane Comfort Specialist, Energy Star, North American Technician Excellence (NATE), Daikin Comfort Pro"
,,240,USA Energy Co. Inc,"11100 D Pulaski Hwy. White Marsh, MD 21162",(443) 231-5698,https://usaenergy.biz,Contact through Website ,Yes,Yes,No,No,No,Yes,
,,241,"USA Insulation of Central MD and Fairfax, VA","7387 Washington Blvd, #105, Elkridge, MD 21075",304-839-2560,,,,,,,,,
,Eaton,242,United Air Temp,"11900 Parklawn Dr Ste Rockville, MD 20852",(667) 412-0292,https://www.unitedairtemp.com/baltimore-md-area/,Contact through Website ,No,No,Yes,Yes,Yes,No,"BBB Accredited with A+ rating, Energy Star, North American Technician Excellence (NATE), 2022 HVACR National Contractor of the Year"
,,243,United Service Specialists,5110 Roanoke Pl #104,(240) 387-5940,https://unitedservicespecialists.com/,,,,,,,,
,,244,Vernon Heating and Air Conditioning,"42655 Trade West Drive Sterling, VA 20166",(703) 223-8004,https://www.vernonheating.com,Contact through Website ,No,No,Yes,No,No,No,"BBB Accredited with A+ rating, North American Technician Excellence (NATE), Factory Authorized Dealer Carrier"
,,245,Vets Corp,"33 Maryland Ave, Gaithersburg, Maryland 20877",240-277-4956,http://www.vetscorp.com,kc@vetscorp.com,Yes,No,No,No,No,No,
,Rheem,246,Warner Super Service,"7321 Livingston Rd, Oxon Hill, MD 20745",301-567-2001,https://www.warnersuperservice.com,Contact through Website ,No,No,Yes,No,Yes,No,"Residential Financing, BBB Accredited with A+ rating"
,,247,Washington DC Heating & Cooling,"5100 12th street, NE Washington, DC 20011",202-888-0737,http://www.dcheatingnandair.com,dcheatingnandair@gmail.com,No,No,Yes,No,No,No,NATE certified reliable repair technicians
,Daikin,,"WARTHEN FUEL CO., INC.","4012 BENSON AVE # 12, BALTIMORE , MD 21227",410-242-0990,https://warthenfuel.com,WarthenFuelCompany@gmail.com,No,No,Yes,No,Yes,No,Daikin Comfort Pro
,,248,Windows on Washington,"23465 Rock Haven Way, Dulles, VA 20165",703-378-1190,,,,,,,,,
,,249,Winner Insulation,"2624 Lord Baltimore Drive, Suite A Windsor Mill, Maryland 21244",1-888-984-7577,https://winnerinsulation.com,INFO@WINNERINSULATION.COM,No,Yes,No,No,No,No,
,,250,"Woody's Sudden Service, Inc.","9112A Industry Dr. Manassas Park, VA 20111 ",703-278-2036,https://www.woodyssuddenservice.net,wssofcmgr@gmail.com,No,No,Yes,No,Yes,No,North American Technician Excellence (NATE)
,Rheem,251,YB MECHANICAL LLC,"12512 Parker Ln Clinton, MD 20735",833-854-8933,https://ybmechanical.com,info@ybmechanical.com,No,No,Yes,No,Yes,No,"Pro Partner Plumbing, BBB Accredited with A rating, Energy Star Certified"
,,252,"Yazd Mechanical, Inc.","45945 Trefoil Ln #130 Sterling, VA 20166",(571) 946 9002,https://www.yazdmechanical.com,info@yazdmechanical.com,No,No,Yes,No,No,No,
,,253,York Home Performance,"110 N. Keesey St. York, PA, 17402",(410) 934-7734,https://yorkhomeperformance.com,Contact through Website ,Yes,Yes,No,No,No,No,"BPI Certified Professional, HOME PERFORMANCE WITH ENERGY STAR"
,Mitsubishi ,,Making Air Right Heating & Air Conditioning,"13441 Winterspoon Ln, Germantown, MD 20874",301-514-8368,https://makingairright.com,Contact through Website ,No,No,Yes,No,No,No,"Mitsubishi Electric Diamond Contractor, BBB Accredited with A+ rating, Expertise.com: Best HVAC Professionals in Gaithersburg 2021"
,"Mitsubishi, Daikin ",,"F.H. Furr Plumbing, Heating, Air Conditioning & Electrical, Inc.","9040 Mike Garcia Dr Manassas, VA 20109",703-753-4410,https://www.fhfurr.com/dc-metro-area/,Contact through Website ,No,Yes,Yes,Yes,Yes,Yes,"Mitsubishi Electric Diamond Contractor, BBB Accredited with A rating, North American Technician Excellence (NATE), Daikin Comfort Pro"
,Mitsubishi ,,Capps Mechanical ,"1435 N, Solomons Island Rd, Huntingtown, MD 20639",(443) 684-7914,https://cappsmechanical.com,Contact through Website ,No,No,Yes,No,No,No,Mitsubishi Electric Diamond Contractor
,Mitsubishi ,,Southern Pride Service Inc. ,"4463 Printers Court White Plains, MD 20695",(301) 932-4925,https://www.southernprideservice.com,Contact through Website ,No,No,Yes,No,Yes,No,"Mitsubishi Electric Diamond Contractor, American Standard Customer Care Dealer"
,Mitsubishi ,,Mina HVAC,"3403 Windom Rd, Brentwood, MD 20722",(240) 355-5998,https://minahvacincmd.com,info@minahvacincmd.com,No,No,Yes,No,Yes,No,"Mitsubishi Electric Diamond Contractor, BBB Accredited with A+ rating"
,,,,,,,,,,,,,,
,,,,,,,,,,,,,,
,,,"BPI Gold Star: 5, Companies with Certified Pros: 16, Certified Pros: 71",,,,,,,,,,,
,,,,,,,,,,,,,,
,,,,,,,,,,,,,,
,,,Eaton Certified Electriical Contractor,,,,,,,,,,,
,,,,,,,,,,,,,,
,,,,,,,,,,,,,,
,,,,,,,,,,,,,,
,,,,,,,,,,,,,,
,,,https://locate.bpi.org/?type=1&search=1&certs=&lo_name=&lo_zip=20011&lo_radius=25&lo_state=&lo_results=all,,,,,,,,,,,
,,,,,,,,,,,,,,
,,,,,,,,,,,,,,
,,,,,,,,,,,,,,
,,,,,,,,,,,,,,
,,AO Smith,,,,,,,,,,,,